,Municipality,Number of Individuals Genotyped 1016,GG_1016,VG_1016,VV_1016,1016G Mutation Frequency,Number of Individuals Genotyped 1534,GG_1534,VG_1534,VV_1534,1534C Mutation Frequency,source/contributor,Region,Location,Sampling Year,lat,long
0,ALBA,30,0,4,26,0.067,30,0,0,30,0,CORONA,Piemonte,Cuneo,2024,44.6965,8.02019
1,ASTI,8,0,0,8,0,8,0,0,8,0,CORONA,Piemonte,Asti,2024,44.9583,8.137
2,Alghero,7,0,0,7,0,7,0,0,7,0,C. Foxi / L. Ruiu,Sardegna,Sassari,2024,40.6311,8.2954
3,Arezzo ,2,0,0,2,0,0,0,0,0,,Valeria Carioti,Toscana,Arezzo,2024,43.45944,11.77806
4,BERGAMO,32,0,4,28,0.062,32,0,0,32,0,ELENA CARRA,Lombardia,BERGAMO,2024,45.687224,9.703841
5,BOLOGNA,30,0,3,27,0.05,30,0,2,28,0.033,ELENA CARRA,Emilia Romagna,BOLOGNA,2024,44.5188714,11.3293069
6,BRESCIA,32,8,3,21,0.297,33,0,0,33,0,ELENA CARRA,Lombardia,BRESCIA,2024,45.52642584,10.1655894
7,Bagno_a_ripoli,11,0,1,10,0.045,0,0,0,0,,Valeria Carioti,Toscana,Firenze ,2023,43.72778,11.30696
8,Bari Sardo,1,0,0,1,0,1,0,0,1,0,C. Foxi / L. Ruiu,Sardegna,Nuoro,2024,39.95932,9.62133
9,Benevento,2,0,2,0,0.5,2,0,0,2,0,de Martinis,Campania,Benevento,2024,41.113895,14.812588
10,CAMPOBASSO ,16,0,7,9,0.219,16,0,0,16,0,Di Domenico,Molise,CAMPOBASSO,2024,41.564694,14.657674
11,CASELLE,30,0,0,30,0,30,0,0,30,0,CORONA,Piemonte,Torino,2024,45.19317,7.643178
12,CASELLE LANDI,31,1,3,27,0.081,23,0,0,23,0,ELENA CARRA,Lombardia,LODI,2024,45.116775,9.773365
13,CERMENATE,32,0,0,32,0,31,0,0,31,0,ELENA CARRA,Lombardia,COMO,2024,45.695692,9.0730038
14,CREMONA,38,1,5,32,0.092,38,0,0,38,0,ELENA CARRA,Lombardia,CREMONA,2024,45.136161,10.007966
15,Cabras,4,0,0,4,0,3,0,0,3,0,C. Foxi / L. Ruiu,Sardegna,Oristano,2024,39.925,8.525
16,Cagliari,17,0,1,16,0.029,17,0,0,17,0,C. Foxi / L. Ruiu,Sardegna,Cagliari,2024,39.197,9.1413
17,Campi_bisenzio,5,1,2,2,0.4,0,0,0,0,,Valeria Carioti,Toscana,Firenze ,2023,43.823643,11.147677
18,Capalbio,7,0,0,7,0,0,0,0,0,,Valeria Carioti,Toscana,Grosseto,2023,42.40536,11.3761823
19,Capoterra,4,0,0,4,0,4,0,0,4,0,C. Foxi / L. Ruiu,Sardegna,Cagliari,2024,39.1273,8.9995
20,Cassano allo Ionio ,1,0,0,1,0,1,0,0,1,0,de Martinis,Calabria,Cosenza,2024,39.74544,16.46936
21,Castiglione_della_Pescaia,2,0,0,2,0,0,0,0,0,,Valeria Carioti,Toscana,Grosseto,2023,42.773869,10.90274
22,Castro dei Volsci,15,0,0,15,0,0,0,0,0,,Valeria Carioti,Lazio,Frosinone ,2024,41.515995845619,13.4014685949337
23,Cetaro,5,0,1,4,0.1,5,0,0,5,0,de Martinis,Calabria,Cosenza,2024,39.503709,15.951701
24,Ciampino,22,0,4,18,0.091,0,0,0,0,,Valeria Carioti,Lazio,Roma,2024,41.8002777777778,12.5969444444444
25,Cingiano ,1,0,0,1,0,0,0,0,0,,Valeria Carioti,Toscana,Grosseto,2023,42.9546812,11.4198228
26,Civitavecchia,10,0,0,10,0,0,0,0,0,,Valeria Carioti,Lazio,Roma ,2024,42.1083491902013,11.7726388970483
27,Colleferro ,14,0,0,14,0,0,0,0,0,,Valeria Carioti,Lazio,Roma,2024,41.756569,12.996768
28,Crotone,2,0,0,2,0,2,0,0,2,0,de Martinis,Calabria,Crotone,2024,39.129589,17.116
29,Dipignano,1,0,1,0,0.5,1,0,0,1,0,de Martinis,Calabria,Cosenza,2024,39.284256,16.2433
30,Dorgali,8,0,0,8,0,8,0,0,8,0,C. Foxi / L. Ruiu,Sardegna,Nuoro,2024,40.28808,9.56526
31,FERRARA,30,4,11,15,0.317,30,0,0,30,0,ELENA CARRA,Emilia Romagna,FERRARA,2024,44.8585169,11.6082934
32,FORLì CESENZA,30,2,5,23,0.15,30,0,0,30,0,ELENA CARRA,Emilia Romagna,FORLì-CESENA,2024,44.1243,12.0579
33,Firenze,4,0,0,4,0,0,0,0,0,,Valeria Carioti,Toscana,Firenze,2023,43.754533,11.270915
34,Fucecchio,15,0,1,14,0.033,0,0,0,0,,Valeria Carioti,Toscana,Firenze ,2023,43.728614,10.786308
35,GENOVA,32,0,0,32,0,32,0,1,31,0.016,CORONA,Liguria,Genova,2024,,
36,IMPERIA,18,0,0,18,0,16,0,0,16,0,CORONA,Liguria,Imperia,2024,,
37,ISERNIA,32,0,12,20,0.188,32,0,0,32,0,Di Domenico,Molise,ISERNIA,2024,41.584058,14.199909
38,Iglesias,2,0,0,2,0,1,0,0,1,0,C. Foxi / L. Ruiu,Sardegna,Sud Sardegna,2024,39.3171,8.5637
39,L'AQUILA,30,0,8,22,0.133,30,0,0,30,0,Di Domenico,Abruzzo,L'AQUILA,2024,42.363691,13.35453
40,LA SPEZIA,5,0,0,5,0,5,0,1,4,0.1,CORONA,Liguria,Spezia,2024,,
41,LESSONA,12,0,0,12,0,12,0,0,12,0,CORONA,Piemonte,Biella,2024,45.5836,8.1947
42,LIMBIATE,32,1,2,29,0.062,31,0,0,31,0,ELENA CARRA,lombardia,MONZA BRIANZA,2024,45.58675886,9.126954419
43,Lamezia Terme,2,0,0,2,0,2,0,0,2,0,de Martinis,Calabria,Catanzaro,2024,38.976015,16.308141
44,Laureana Cilento ,30,0,4,26,0.067,30,0,0,30,0,de Martinis,Campania,Salerno,2024,4018'11'',1500'22''
45,Lecce,14,0,5,9,0.179,14,5,0,9,0.357,Parisi Antonio,Puglia,Lecce,2024,40.3532912,18.1740146
46,Limatola,1,0,0,1,0,1,0,0,1,0,de Martinis,Campania,Benevento,2024,41.117168,14.420529
47,MALPENSA,32,0,1,31,0.016,27,0,0,27,0,ELENA CARRA,Lombardia,VARESE,2024,45.61506,8.71758
48,MERATE,31,0,4,27,0.065,23,0,0,23,0,ELENA CARRA,Lombardia,LECCO,2024,45.07435794,8.731824739
49,MILANO,35,0,1,34,0.014,33,0,0,33,0,ELENA CARRA,Lombardia,MILANO,2024,45.684987,9.418613
50,MODENA,30,1,2,27,0.067,30,0,0,30,0,ELENA CARRA,Emilia Romagna,MODENA,2024,44.64502,10.9485
51,Manciano,1,0,0,1,0,0,0,0,0,,Valeria Carioti,Toscana,Grosseto,2023,42.4985429,11.5157459
52,Manciano ,1,0,0,1,0,0,0,0,0,,Valeria Carioti,Toscana,Grosseto,2023,42.4985429,11.5157459
53,Margherita di Savoia,18,2,9,7,0.361,18,1,0,17,0.056,Parisi Antonio,Puglia,Barletta,2024,41.3753333,16.1511111
54,Matera,10,0,2,8,0.1,10,2,0,8,0.2,Parisi Antonio,Basilicata,Matera,2024,40.6686534,16.6060872
55,Montignoso,49,0,0,49,0,0,0,0,0,,Valeria Carioti,Toscana,Massa,2023,43.997555,10.162161
56,NOVARA,27,0,0,27,0,27,0,0,27,0,CORONA,Piemonte,Novara,2024,45.46423,8.645902
57,Nuoro,5,0,0,5,0,5,0,0,5,0,C. Foxi / L. Ruiu,Sardegna,Nuoro,2024,40.3205,9.3184
58,Olbia,2,0,1,1,0.25,2,0,0,2,0,C. Foxi / L. Ruiu,Sardegna,Sassari,2024,40.92263,9.51966
59,Oristano,26,2,4,20,0.154,24,0,0,24,0,C. Foxi / L. Ruiu,Sardegna,Oristano,2024,39.9058,8.5217
60,Orosei,4,0,0,4,0,4,0,0,4,0,C. Foxi / L. Ruiu,Sardegna,Nuoro,2024,40.409669,9.72733
61,PARMA,30,9,4,17,0.367,29,0,0,29,0,ELENA CARRA,Emilia Romagna,PARMA,2024,44.785172,10.339724
62,PESCARA ,30,0,13,17,0.217,30,0,0,30,0,Di Domenico,Abruzzo,PESCARA,2024,42.4364,14.17792
63,PIACENZA,30,0,11,19,0.183,30,0,0,30,0,ELENA CARRA,Emilia Romagna,PIACENZA,2024,45.052916,9.71628499999999
64,POGGIO RUSCO,30,0,2,28,0.033,30,0,0,30,0,ELENA CARRA,Lombardia,MANTOVA,2024,44.97788369,11.10672468
65,Portici,30,1,4,25,0.1,30,0,0,30,0,de Martinis,Campania,Napoli ,2024,40.814385,14.345034
66,Posada,5,0,0,5,0,5,0,0,5,0,C. Foxi / L. Ruiu,Sardegna,Nuoro,2024,40.6321,9.7381
67,RAVENNA,30,1,15,14,0.283,30,0,0,30,0,ELENA CARRA,Emilia Romagna,RAVENNA,2024,44.422783,12.194983
68,REGGIO EMILIA,29,0,1,28,0.017,30,0,0,30,0,ELENA CARRA,Emilia Romagna,REGGIO EMILIA,2024,44.70893,10.62658
69,RIMINI,28,0,7,21,0.125,28,0,0,28,0,ELENA CARRA,Emilia Romagna,RIMINI ,2024,44.08072236,12.53231082
70,RIVALTA SCRIVIA,30,0,0,30,0,30,0,0,30,0,CORONA,Piemonte,ALESSANDRIA,2024,44.86897,8.809106
71,Rende,2,0,0,2,0,2,0,0,2,0,de Martinis,Calabria,Cosenza,2024,39.334133,16.23019
72,Rieti,15,0,0,15,0,0,0,0,0,,Valeria Carioti,Lazio,Rieti,2024,42.4228649901936,12.9079818123944
73,Rieti ,41,1,0,40,0.024,0,0,0,0,,Valeria Carioti,Lazio,Rieti,2024,42.3960777763272,12.8572715565799
74,Rocca di Neto,1,0,1,0,0.5,1,0,0,1,0,de Martinis,Calabria,Crotone,2024,39.172545,17.0073
75,Roggiano Gravina,1,0,0,1,0,1,0,0,1,0,de Martinis,Calabria,Cosenza,2024,39.598,16.12
76,SAN GIOVANNI TEATINO,16,0,2,14,0.062,16,0,0,16,0,Di Domenico,Abruzzo,CHIETI,2024,42.4137181,14.2024047
77,SAN SALVO,16,0,0,16,0,16,0,0,16,0,Di Domenico,Abruzzo,CHIETI,2024,42.0501625,14.7304203
78,SAVONA,2,0,0,2,0,1,0,0,1,0,CORONA,Liguria,Spezia,2024,,
79,SONDRIO,32,0,4,28,0.062,32,0,0,32,0,ELENA CARRA,Lombardia,SONDRIO,2024,46.163097,9.886352
80,STRADELLA,32,0,0,32,0,29,0,0,29,0,ELENA CARRA,Lombardia,PAVIA,2024,45.082652,9.31704
81,San Gavino,28,0,2,26,0.036,28,0,0,28,0,C. Foxi / L. Ruiu,Sardegna,Sud Sardegna,2024,39.54705,8.7973
82,San Marco Evangelista,30,0,5,25,0.083,30,0,0,30,0,de Martinis,Campania,Caserta,2024,41.042619,14.338118
83,San_Giuliano_terme,58,0,2,56,0.017,0,0,0,0,,Valeria Carioti,Toscana,Pisa,2023,43.740697,10.331636
84,Sassari,12,0,0,12,0,12,0,0,12,0,C. Foxi / L. Ruiu,Sardegna,Sassari,2024,40.7039,8.5547
85,Siniscola,7,0,0,7,0,7,0,0,7,0,C. Foxi / L. Ruiu,Sardegna,Nuoro,2024,40.5855,9.65233
86,Sora ,19,0,0,19,0,0,0,0,0,,Valeria Carioti,Lazio,Frosinone,2024,41.6915704638452,13.609347459414
87,Sorso,8,0,0,8,0,8,0,0,8,0,C. Foxi / L. Ruiu,Sardegna,Sassari,2024,40.811917,8.505692
88,Stintino,1,0,0,1,0,1,0,0,1,0,C. Foxi / L. Ruiu,Sardegna,Sassari,2024,40.870772,8.261289
89,Strongoli,1,0,1,0,0.5,1,0,0,1,0,de Martinis,Calabria,Crotone,2024,39.21383,17.129356
90,TERAMO,30,0,5,25,0.083,30,0,0,30,0,Di Domenico,Abruzzo,TERAMO,2024,42.654708,13.710894
91,TERMOLI,16,0,10,6,0.312,16,0,0,16,0,Di Domenico,Molise,CAMPOBASSO,2024,41.9906389,14.9995
92,Tarquinia ,71,12,26,33,0.352,0,0,0,0,,Valeria Carioti,Lazio,Viterbo,2024,42.2444702806308,11.753083947447
93,Terracina ,89,3,14,72,0.112,0,0,0,0,,Valeria Carioti,Lazio,Latina,2024,41.29833333,13.2325
94,Torrecuso ,7,0,0,7,0,7,0,0,7,0,de Martinis,Campania,Benevento,2024,41.197983,14.684784
95,Uta,9,0,0,9,0,9,0,0,9,0,C. Foxi / L. Ruiu,Sardegna,Cagliari,2024,39.26476,8.94343
96,VERBANIA,28,0,1,27,0.018,28,0,0,28,0,CORONA,Piemonte,Verbania,2024,45.92604,8.548921
97,VERCELLI,30,0,0,30,0,30,0,0,30,0,CORONA,Piemonte,VERCELLI,2024,45.30774,8.424532
98,Valenzano,16,1,4,11,0.188,16,4,4,8,0.375,Parisi Antonio,Puglia,Bari,2024,41.044554,16.8843989
99,Vieste,18,0,5,13,0.139,18,11,5,2,0.75,Parisi Antonio,Puglia,Foggia,2024,41.881712,16.1729922
